{"adjust":0.025,"letters":{"A":{"one":{"x":0.16731016731,"y":0.828051643192},"two":{"x":0.34555984556,"y":0.571009389671},"three":{"x":0.640283140283,"y":0.666666666667},"attr":{"width":777,"height":852},"four":{"x":0.855212355212,"y":0.852699530516},"five":{"x":0.646718146718,"y":0.364436619718},"six":{"x":0.505791505792,"y":0.142018779343},"seven":{"x":0.33268983269,"y":0.346830985915}},"B":{"one":{"x":0.224137931034,"y":0.174611973392},"two":{"x":0.257871064468,"y":0.435144124169},"three":{"x":0.28335832084,"y":0.768292682927},"attr":{"width":667,"height":902},"four":{"x":0.64167916042,"y":0.828159645233},"five":{"x":0.640929535232,"y":0.579268292683},"six":{"x":0.688155922039,"y":0.311529933481},"seven":{"x":0.607196401799,"y":0.135809312639}},"C":{"one":{"x":0.855029585799,"y":0.114864864865},"two":{"x":0.625,"y":0.106981981982},"three":{"x":0.340976331361,"y":0.169481981982},"four":{"x":0.19600591716,"y":0.30518018018},"attr":{"width":676,"height":888},"five":{"x":0.16050295858,"y":0.520833333333},"six":{"x":0.210059171598,"y":0.72972972973},"seven":{"x":0.456360946746,"y":0.853603603604},"eight":{"x":0.80325443787,"y":0.886824324324}},"D":{"one":{"x":0.197211155378,"y":0.156286043829},"two":{"x":0.128154050465,"y":0.388696655133},"three":{"x":0.128154050465,"y":0.62860438293},"four":{"x":0.128154050465,"y":0.838523644752},"attr":{"width":753,"height":867},"five":{"x":0.36786188579,"y":0.910611303345},"six":{"x":0.669986719788,"y":0.835640138408},"seven":{"x":0.830677290837,"y":0.622260668973},"eight":{"x":0.849933598938,"y":0.419838523645},"nine":{"x":0.771580345286,"y":0.192041522491},"ten":{"x":0.503984063745,"y":0.111880046136}},"E":{"one":{"x":0.836715867159,"y":0.093896713615},"two":{"x":0.617158671587,"y":0.093896713615},"three":{"x":0.307195571956,"y":0.172535211268},"four":{"x":0.291512915129,"y":0.43544600939},"five":{"x":0.702029520295,"y":0.486502347418},"attr":{"width":542,"height":852},"six":{"x":0.178044280443,"y":0.681924882629},"seven":{"x":0.29704797048,"y":0.867957746479},"eight":{"x":0.628228782288,"y":0.906103286385},"nine":{"x":0.850553505535,"y":0.906690140845}},"F":{"one":{"x":0.877649325626,"y":0.0933098591549},"two":{"x":0.661849710983,"y":0.0927230046948},"three":{"x":0.305394990366,"y":0.161384976526},"attr":{"width":519,"height":852},"four":{"x":0.26493256262,"y":0.416666666667},"five":{"x":0.562620423892,"y":0.505868544601},"six":{"x":0.816955684008,"y":0.505868544601},"seven":{"x":0.185934489403,"y":0.640845070423},"eight":{"x":0.185934489403,"y":0.832746478873}},"G":{"one":{"x":0.764666666667,"y":0.115074798619},"two":{"x":0.45,"y":0.116800920598},"three":{"x":0.257333333333,"y":0.274453394707},"attr":{"width":750,"height":869},"four":{"x":0.149333333333,"y":0.472957422325},"five":{"x":0.244666666667,"y":0.751438434983},"six":{"x":0.565333333333,"y":0.883199079402},"seven":{"x":0.851333333333,"y":0.792865362486},"eight":{"x":0.788666666667,"y":0.53912543153}},"H":{"attr":{"width":702,"height":851},"one":{"x":0.137464387464,"y":0.189776733255},"two":{"x":0.138888888889,"y":0.449471210341},"three":{"x":0.41452991453,"y":0.482373678026},"four":{"x":0.772792022792,"y":0.545240893067},"five":{"x":0.862535612536,"y":0.321386603995},"six":{"x":0.862535612536,"y":0.143360752056},"seven":{"x":0.137464387464,"y":0.71151586369},"eight":{"x":0.137464387464,"y":0.876028202115},"nine":{"x":0.862535612536,"y":0.800822561692}},"I":{"one":{"x":0.5,"y":0.879694835681},"two":{"x":0.5,"y":0.782276995305},"three":{"x":0.5,"y":0.638497652582},"attr":{"width":194,"height":852},"four":{"x":0.5,"y":0.5029342723},"five":{"x":0.5,"y":0.379107981221},"six":{"x":0.5,"y":0.265258215962},"seven":{"x":0.5,"y":0.0980046948357}},"J":{"one":{"x":0.222471910112,"y":0.900115473441},"two":{"x":0.339325842697,"y":0.872979214781},"three":{"x":0.6,"y":0.862009237875},"attr":{"width":445,"height":866},"four":{"x":0.708988764045,"y":0.69688221709},"five":{"x":0.883146067416,"y":0.624133949192},"six":{"x":0.785393258427,"y":0.427251732102},"seven":{"x":0.785393258427,"y":0.2292147806},"eight":{"x":0.785393258427,"y":0.142032332564}},"K":{"one":{"x":0.137015781923,"y":0.87676056338},"two":{"x":0.180057388809,"y":0.697769953052},"three":{"x":0.802725968436,"y":0.860915492958},"attr":{"width":697,"height":852},"four":{"x":0.717360114778,"y":0.75},"five":{"x":0.489239598278,"y":0.513497652582},"six":{"x":0.201578192253,"y":0.516431924883},"seven":{"x":0.137015781923,"y":0.220070422535},"eight":{"x":0.492826398852,"y":0.227112676056},"nine":{"x":0.781922525108,"y":0.182511737089}},"L":{"one":{"x":0.182330827068,"y":0.133215962441},"two":{"x":0.182330827068,"y":0.288145539906},"three":{"x":0.182330827068,"y":0.448356807512},"attr":{"width":532,"height":852},"four":{"x":0.182330827068,"y":0.579225352113},"five":{"x":0.282894736842,"y":0.843309859155},"six":{"x":0.617481203008,"y":0.904929577465},"seven":{"x":0.817669172932,"y":0.904929577465}},"M":{"one":{"x":0.101595744681,"y":0.823943661972},"two":{"x":0.118085106383,"y":0.517018779343},"three":{"x":0.173936170213,"y":0.184272300469},"four":{"x":0.303723404255,"y":0.325117370892},"attr":{"width":940,"height":852},"five":{"x":0.486170212766,"y":0.761150234742},"six":{"x":0.625531914894,"y":0.50176056338},"seven":{"x":0.773936170213,"y":0.19014084507},"eight":{"x":0.878723404255,"y":0.420187793427},"nine":{"x":0.893085106383,"y":0.778755868545}},"N":{"one":{"x":0.125531914894,"y":0.845657276995},"two":{"x":0.125531914894,"y":0.488262910798},"three":{"x":0.235460992908,"y":0.170774647887},"attr":{"width":705,"height":852},"four":{"x":0.482978723404,"y":0.467723004695},"five":{"x":0.716312056738,"y":0.795187793427},"six":{"x":0.868794326241,"y":0.710093896714},"seven":{"x":0.874468085106,"y":0.416666666667},"eight":{"x":0.874468085106,"y":0.138497652582}},"O":{"one":{"x":0.491463414634,"y":0.0969387755102},"two":{"x":0.215243902439,"y":0.251700680272},"three":{"x":0.141463414634,"y":0.47335600907},"attr":{"width":820,"height":882},"four":{"x":0.241463414634,"y":0.754535147392},"five":{"x":0.52012195122,"y":0.891156462585},"six":{"x":0.792682926829,"y":0.798752834467},"seven":{"x":0.848170731707,"y":0.551587301587},"eight":{"x":0.796951219512,"y":0.282879818594}},"P":{"one":{"x":0.458401305057,"y":0.51048951049},"two":{"x":0.778140293638,"y":0.431818181818},"three":{"x":0.664763458401,"y":0.166083916084},"attr":{"width":613,"height":858},"four":{"x":0.320554649266,"y":0.138694638695},"five":{"x":0.157422512235,"y":0.41958041958},"six":{"x":0.159053833605,"y":0.684731934732},"seven":{"x":0.15660685155,"y":0.854895104895}},"Q":{"one":{"x":0.305218446602,"y":0.12573964497},"two":{"x":0.600121359223,"y":0.100591715976},"three":{"x":0.76213592233,"y":0.200197238659},"attr":{"width":824,"height":1014},"four":{"x":0.843446601942,"y":0.324950690335},"five":{"x":0.8125,"y":0.578895463511},"six":{"x":0.695388349515,"y":0.839250493097},"seven":{"x":0.271844660194,"y":0.710059171598},"eight":{"x":0.136529126214,"y":0.537475345168},"nine":{"x":0.152912621359,"y":0.324457593688}},"R":{"one":{"x":0.272093023256,"y":0.152502910361},"two":{"x":0.702325581395,"y":0.151338766007},"three":{"x":0.699224806202,"y":0.34924330617},"attr":{"width":645,"height":859},"four":{"x":0.776744186047,"y":0.764842840512},"five":{"x":0.787596899225,"y":0.849825378347},"six":{"x":0.516279069767,"y":0.560535506403},"seven":{"x":0.151937984496,"y":0.400465657742},"eight":{"x":0.149612403101,"y":0.725844004657},"nine":{"x":0.148837209302,"y":0.89697322468}},"S":{"one":{"x":0.631623931624,"y":0.113895216401},"two":{"x":0.306837606838,"y":0.178246013667},"three":{"x":0.362393162393,"y":0.407175398633},"attr":{"width":585,"height":878},"four":{"x":0.648717948718,"y":0.532460136674},"five":{"x":0.797435897436,"y":0.702164009112},"six":{"x":0.752991452991,"y":0.874145785877},"seven":{"x":0.547008547009,"y":0.900341685649},"eight":{"x":0.242735042735,"y":0.879840546697}},"T":{"one":{"x":0.477099236641,"y":0.235328638498},"two":{"x":0.151908396947,